algorithm,graph_type,graph_size,n_edges,time_elapsed
Trad_Dijkstra,sparse,50,141,0.00026939099916489795
Trad_Dijkstra,sparse,50,141,0.0003596560018195305
Trad_Dijkstra,sparse,50,141,0.00022871199689689092
Trad_Dijkstra,sparse,50,141,0.00043689900121535175
Trad_Dijkstra,sparse,50,141,0.00029282299874466844
Trad_Dijkstra,sparse,50,141,0.00022669499958283268
Trad_Dijkstra,sparse,50,141,0.00022576099945581518
Trad_Dijkstra,sparse,50,141,0.00022583299869438633
Trad_Dijkstra,sparse,50,141,0.0002262900015921332
Trad_Dijkstra,sparse,50,141,0.0002503710020391736
Trad_Dijkstra,sparse,50,141,0.00022402800095733255
Trad_Dijkstra,sparse,50,141,0.0002246469994133804
Trad_Dijkstra,sparse,50,141,0.00022319599884212948
Trad_Dijkstra,sparse,50,141,0.0002221810027549509
Trad_Dijkstra,sparse,50,141,0.00022565799736185
Trad_Dijkstra,sparse,50,141,0.0002229630008514505
Trad_Dijkstra,sparse,50,141,0.0002230870013590902
Trad_Dijkstra,sparse,50,141,0.00031955799931893125
Trad_Dijkstra,sparse,50,141,0.00031569999919156544
Trad_Dijkstra,sparse,50,141,0.0003134500002488494
Trad_Dijkstra,sparse,50,141,0.0004752370005007833
Trad_Dijkstra,sparse,50,141,0.00031478399978368543
Trad_Dijkstra,sparse,50,141,0.0003136829982395284
Trad_Dijkstra,sparse,50,141,0.00031431600291398354
Trad_Dijkstra,sparse,50,141,0.0003143539979646448
Trad_Dijkstra,sparse,50,141,0.0003115109975624364
Trad_Dijkstra,sparse,50,141,0.0005678460001945496
Trad_Dijkstra,sparse,50,141,0.0006314029997156467
Trad_Dijkstra,sparse,50,141,0.0006274280021898448
Trad_Dijkstra,sparse,50,141,0.0006124790015746839
Trad_Dijkstra,sparse,50,141,0.0006123929997556843
Trad_Dijkstra,sparse,50,141,0.0006123129969637375
Trad_Dijkstra,sparse,50,141,0.0006132899980002549
Trad_Dijkstra,sparse,50,141,0.0006272640021052212
Trad_Dijkstra,sparse,50,141,0.0006149670007289387
Trad_Dijkstra,sparse,50,141,0.0006132279995654244
Trad_Dijkstra,sparse,50,141,0.0006147380008769687
Trad_Dijkstra,sparse,50,141,0.0003140920016448945
Trad_Dijkstra,sparse,50,141,0.00022413599799619988
Trad_Dijkstra,sparse,50,141,0.00022270500267040916
Trad_Dijkstra,sparse,50,141,0.00022337500195135362
Trad_Dijkstra,sparse,50,141,0.00023847700140322559
Trad_Dijkstra,sparse,50,141,0.00022361700030160137
Trad_Dijkstra,sparse,50,141,0.00022510400231112726
Trad_Dijkstra,sparse,50,141,0.0002229550009360537
Trad_Dijkstra,sparse,50,141,0.00022366699704434723
Trad_Dijkstra,sparse,50,141,0.00022413999977288768
Trad_Dijkstra,sparse,50,141,0.0003635600005509332
Trad_Dijkstra,sparse,50,141,0.00024900399876059964
Trad_Dijkstra,sparse,50,141,0.00024078800197457895
Fibbo_Dijkstra,sparse,50,141,0.00046940800166339613
Fibbo_Dijkstra,sparse,50,141,0.0006676659977529198
Fibbo_Dijkstra,sparse,50,141,0.0003845270002784673
Fibbo_Dijkstra,sparse,50,141,0.0003794490003201645
Fibbo_Dijkstra,sparse,50,141,0.00037891499960096553
Fibbo_Dijkstra,sparse,50,141,0.0003790779992414173
Fibbo_Dijkstra,sparse,50,141,0.00037828100175829604
Fibbo_Dijkstra,sparse,50,141,0.00037900800089119
Fibbo_Dijkstra,sparse,50,141,0.0003750139985640999
Fibbo_Dijkstra,sparse,50,141,0.00045549499918706715
Fibbo_Dijkstra,sparse,50,141,0.0003750910000235308
Fibbo_Dijkstra,sparse,50,141,0.0003771350020542741
Fibbo_Dijkstra,sparse,50,141,0.00037971799974911846
Fibbo_Dijkstra,sparse,50,141,0.00037875099951634184
Fibbo_Dijkstra,sparse,50,141,0.0003716929968504701
Fibbo_Dijkstra,sparse,50,141,0.0003738390005310066
Fibbo_Dijkstra,sparse,50,141,0.00037715299913543276
Fibbo_Dijkstra,sparse,50,141,0.0005191219970583916
Fibbo_Dijkstra,sparse,50,141,0.0009083460026886314
Fibbo_Dijkstra,sparse,50,141,0.00046720600221306086
Fibbo_Dijkstra,sparse,50,141,0.0003790729970205575
Fibbo_Dijkstra,sparse,50,141,0.00037693800186389126
Fibbo_Dijkstra,sparse,50,141,0.0003766090012504719
Fibbo_Dijkstra,sparse,50,141,0.0003812810027739033
Fibbo_Dijkstra,sparse,50,141,0.0003915630004485138
Fibbo_Dijkstra,sparse,50,141,0.00037668900040443987
Fibbo_Dijkstra,sparse,50,141,0.00041510399751132354
Fibbo_Dijkstra,sparse,50,141,0.00036403999911271967
Fibbo_Dijkstra,sparse,50,141,0.00035630799902719446
Fibbo_Dijkstra,sparse,50,141,0.0003598590010369662
Fibbo_Dijkstra,sparse,50,141,0.00035981700057163835
Fibbo_Dijkstra,sparse,50,141,0.0003614309971453622
Fibbo_Dijkstra,sparse,50,141,0.0003776739977183752
Fibbo_Dijkstra,sparse,50,141,0.0003568899992387742
Fibbo_Dijkstra,sparse,50,141,0.00035896400004276074
Fibbo_Dijkstra,sparse,50,141,0.0003536770018399693
Fibbo_Dijkstra,sparse,50,141,0.00036067199835088104
Fibbo_Dijkstra,sparse,50,141,0.0003595060006773565
Fibbo_Dijkstra,sparse,50,141,0.0003569799991964828
Fibbo_Dijkstra,sparse,50,141,0.0006589059994439594
Fibbo_Dijkstra,sparse,50,141,0.0005682619994331617
Fibbo_Dijkstra,sparse,50,141,0.000357731001713546
Fibbo_Dijkstra,sparse,50,141,0.0003583309990062844
Fibbo_Dijkstra,sparse,50,141,0.00035765500069828704
Fibbo_Dijkstra,sparse,50,141,0.0003558589996828232
Fibbo_Dijkstra,sparse,50,141,0.0003621669966378249
Fibbo_Dijkstra,sparse,50,141,0.0003629079983511474
Fibbo_Dijkstra,sparse,50,141,0.00035943799957749434
Fibbo_Dijkstra,sparse,50,141,0.0003612120017351117
Fibbo_Dijkstra,sparse,50,141,0.00035634400046546943
BMSSP,sparse,50,141,0.00013308300185599364
BMSSP,sparse,50,141,0.00010350299999117851
BMSSP,sparse,50,141,9.863299783319235e-05
BMSSP,sparse,50,141,9.792499986360781e-05
BMSSP,sparse,50,141,9.797900202102028e-05
BMSSP,sparse,50,141,9.701000089989975e-05
BMSSP,sparse,50,141,9.544299973640591e-05
BMSSP,sparse,50,141,9.743700138642453e-05
BMSSP,sparse,50,141,9.535600111121312e-05
BMSSP,sparse,50,141,9.52360023802612e-05
BMSSP,sparse,50,141,9.458500062464736e-05
BMSSP,sparse,50,141,9.485899863648228e-05
BMSSP,sparse,50,141,9.422999937669374e-05
BMSSP,sparse,50,141,9.495199992670678e-05
BMSSP,sparse,50,141,9.578400204190984e-05
BMSSP,sparse,50,141,9.589099863660522e-05
BMSSP,sparse,50,141,9.423899973626249e-05
BMSSP,sparse,50,141,9.405099990544841e-05
BMSSP,sparse,50,141,9.424300151295029e-05
BMSSP,sparse,50,141,9.39820019993931e-05
BMSSP,sparse,50,141,9.348599996883422e-05
BMSSP,sparse,50,141,0.000197588000446558
BMSSP,sparse,50,141,9.617899922886863e-05
BMSSP,sparse,50,141,9.559799946146086e-05
BMSSP,sparse,50,141,9.528200098429807e-05
BMSSP,sparse,50,141,9.626199971535243e-05
BMSSP,sparse,50,141,9.535099889035337e-05
BMSSP,sparse,50,141,9.502100147074088e-05
BMSSP,sparse,50,141,0.00016324799798894674
BMSSP,sparse,50,141,0.00011324300066917203
BMSSP,sparse,50,141,0.00011270799950580113
BMSSP,sparse,50,141,0.00011212900062673725
BMSSP,sparse,50,141,0.00011028299923054874
BMSSP,sparse,50,141,0.0001094859981094487
BMSSP,sparse,50,141,0.00010919199849013239
BMSSP,sparse,50,141,0.00010917400140897371
BMSSP,sparse,50,141,0.00010309199933544733
BMSSP,sparse,50,141,0.00024790200041024946
BMSSP,sparse,50,141,0.0002464479985064827
BMSSP,sparse,50,141,0.00011344800077495165
BMSSP,sparse,50,141,0.00011440200250945054
BMSSP,sparse,50,141,0.0001105800001823809
BMSSP,sparse,50,141,0.00010954100071103312
BMSSP,sparse,50,141,0.00011016999997082166
BMSSP,sparse,50,141,0.00010991100134560838
BMSSP,sparse,50,141,0.00011093200009781867
BMSSP,sparse,50,141,0.00011482500121928751
BMSSP,sparse,50,141,0.00024504100292688236
BMSSP,sparse,50,141,0.00024568299704696983
BMSSP,sparse,50,141,0.00024539799778722227
Trad_Dijkstra,dense,50,732,0.00028669200037256815
Trad_Dijkstra,dense,50,732,0.0003053919972444419
Trad_Dijkstra,dense,50,732,0.00030007299938006327
Trad_Dijkstra,dense,50,732,0.0002957619981316384
Trad_Dijkstra,dense,50,732,0.0002978900010930374
Trad_Dijkstra,dense,50,732,0.00038846400275360793
Trad_Dijkstra,dense,50,732,0.0002967809996334836
Trad_Dijkstra,dense,50,732,0.0002942909995908849
Trad_Dijkstra,dense,50,732,0.00029700500090257265
Trad_Dijkstra,dense,50,732,0.00029337399973883294
Trad_Dijkstra,dense,50,732,0.000294893001409946
Trad_Dijkstra,dense,50,732,0.0005745909984398168
Trad_Dijkstra,dense,50,732,0.0003736100006790366
Trad_Dijkstra,dense,50,732,0.00046286399810924195
Trad_Dijkstra,dense,50,732,0.000297491998935584
Trad_Dijkstra,dense,50,732,0.00029219499992905185
Trad_Dijkstra,dense,50,732,0.00029631000143126585
Trad_Dijkstra,dense,50,732,0.0002946069980680477
Trad_Dijkstra,dense,50,732,0.0002950240013888106
Trad_Dijkstra,dense,50,732,0.0002944250009022653
Trad_Dijkstra,dense,50,732,0.00046856100016157143
Trad_Dijkstra,dense,50,732,0.0004685100029746536
Trad_Dijkstra,dense,50,732,0.00036808200093219057
Trad_Dijkstra,dense,50,732,0.0002979359996970743
Trad_Dijkstra,dense,50,732,0.0002990769971802365
Trad_Dijkstra,dense,50,732,0.0004713359994639177
Trad_Dijkstra,dense,50,732,0.000739415998395998
Trad_Dijkstra,dense,50,732,0.0008291750018543098
Trad_Dijkstra,dense,50,732,0.0004537759996310342
Trad_Dijkstra,dense,50,732,0.0002958859986392781
Trad_Dijkstra,dense,50,732,0.000295891997666331
Trad_Dijkstra,dense,50,732,0.00029542499760282226
Trad_Dijkstra,dense,50,732,0.0004533930004981812
Trad_Dijkstra,dense,50,732,0.0002932719980890397
Trad_Dijkstra,dense,50,732,0.0002970469977299217
Trad_Dijkstra,dense,50,732,0.00029363399880821817
Trad_Dijkstra,dense,50,732,0.00029468299908330664
Trad_Dijkstra,dense,50,732,0.000488746001792606
Trad_Dijkstra,dense,50,732,0.00029800400079693645
Trad_Dijkstra,dense,50,732,0.0002965889980259817
Trad_Dijkstra,dense,50,732,0.0002970319983433001
Trad_Dijkstra,dense,50,732,0.00029653300225618295
Trad_Dijkstra,dense,50,732,0.00044193599751451984
Trad_Dijkstra,dense,50,732,0.00029591299971798435
Trad_Dijkstra,dense,50,732,0.0002972430011141114
Trad_Dijkstra,dense,50,732,0.00029328499658731744
Trad_Dijkstra,dense,50,732,0.0005420289999165107
Trad_Dijkstra,dense,50,732,0.00029384600202320144
Trad_Dijkstra,dense,50,732,0.0002954379997390788
Trad_Dijkstra,dense,50,732,0.0002945630003523547
Fibbo_Dijkstra,dense,50,732,0.0004554579973046202
Fibbo_Dijkstra,dense,50,732,0.00042806100100278854
Fibbo_Dijkstra,dense,50,732,0.0004289349999453407
Fibbo_Dijkstra,dense,50,732,0.0004288559975975659
Fibbo_Dijkstra,dense,50,732,0.0004300189975765534
Fibbo_Dijkstra,dense,50,732,0.00042651300100260414
Fibbo_Dijkstra,dense,50,732,0.0004309169999032747
Fibbo_Dijkstra,dense,50,732,0.0004262990005372558
Fibbo_Dijkstra,dense,50,732,0.00042687200038926676
Fibbo_Dijkstra,dense,50,732,0.0004241380011080764
Fibbo_Dijkstra,dense,50,732,0.0010924099988187663
Fibbo_Dijkstra,dense,50,732,0.0005001919998903759
Fibbo_Dijkstra,dense,50,732,0.0005241399994702078
Fibbo_Dijkstra,dense,50,732,0.0004241129972797353
Fibbo_Dijkstra,dense,50,732,0.00042615699931047857
Fibbo_Dijkstra,dense,50,732,0.00042821099850698374
Fibbo_Dijkstra,dense,50,732,0.0004297639970900491
Fibbo_Dijkstra,dense,50,732,0.00042045499867526814
Fibbo_Dijkstra,dense,50,732,0.0004886930000793654
Fibbo_Dijkstra,dense,50,732,0.0004245710006216541
Fibbo_Dijkstra,dense,50,732,0.00043058200026280247
Fibbo_Dijkstra,dense,50,732,0.000421262997406302
Fibbo_Dijkstra,dense,50,732,0.0004258129993104376
Fibbo_Dijkstra,dense,50,732,0.0004238170004100539
Fibbo_Dijkstra,dense,50,732,0.0004270589997759089
Fibbo_Dijkstra,dense,50,732,0.0006742080004187301
Fibbo_Dijkstra,dense,50,732,0.0004278560008970089
Fibbo_Dijkstra,dense,50,732,0.00042530599966994487
Fibbo_Dijkstra,dense,50,732,0.0004270190001989249
Fibbo_Dijkstra,dense,50,732,0.000424308000219753
Fibbo_Dijkstra,dense,50,732,0.00043260399979772046
Fibbo_Dijkstra,dense,50,732,0.0005923370008531492
Fibbo_Dijkstra,dense,50,732,0.0005811400005768519
Fibbo_Dijkstra,dense,50,732,0.0004251389982528053
Fibbo_Dijkstra,dense,50,732,0.0004305459988245275
Fibbo_Dijkstra,dense,50,732,0.000425260001065908
Fibbo_Dijkstra,dense,50,732,0.0004264920025889296
Fibbo_Dijkstra,dense,50,732,0.00042497899994486943
Fibbo_Dijkstra,dense,50,732,0.0004256850006640889
Fibbo_Dijkstra,dense,50,732,0.00042083600055775605
Fibbo_Dijkstra,dense,50,732,0.00043253499825368635
Fibbo_Dijkstra,dense,50,732,0.0004221679992042482
Fibbo_Dijkstra,dense,50,732,0.0004324469991843216
Fibbo_Dijkstra,dense,50,732,0.00042680899787228554
Fibbo_Dijkstra,dense,50,732,0.00042804700206033885
Fibbo_Dijkstra,dense,50,732,0.00042388300062157214
Fibbo_Dijkstra,dense,50,732,0.00042848099838010967
Fibbo_Dijkstra,dense,50,732,0.0005311980021360796
Fibbo_Dijkstra,dense,50,732,0.0010958979983115569
Fibbo_Dijkstra,dense,50,732,0.0007011529996816535
BMSSP,dense,50,732,0.0001992880024772603
BMSSP,dense,50,732,0.00018903700038208626
BMSSP,dense,50,732,0.00019247700038249604
BMSSP,dense,50,732,0.0002307110007677693
BMSSP,dense,50,732,0.00019404100021347404
BMSSP,dense,50,732,0.00019081900245510042
BMSSP,dense,50,732,0.0001916010005516
BMSSP,dense,50,732,0.00019149199943058193
BMSSP,dense,50,732,0.0001925710021168925
BMSSP,dense,50,732,0.00019212899860576726
BMSSP,dense,50,732,0.00018564499987405725
BMSSP,dense,50,732,0.00019092699949396774
BMSSP,dense,50,732,0.00023977500313776545
BMSSP,dense,50,732,0.00019211099788662978
BMSSP,dense,50,732,0.00019105100000160746
BMSSP,dense,50,732,0.00019144999896525405
BMSSP,dense,50,732,0.0001901600007840898
BMSSP,dense,50,732,0.00018001900025410578
BMSSP,dense,50,732,0.0001930639991769567
BMSSP,dense,50,732,0.00019631500254035927
BMSSP,dense,50,732,0.000196443001186708
BMSSP,dense,50,732,0.000209067999094259
BMSSP,dense,50,732,0.0003473659999144729
BMSSP,dense,50,732,0.00018155400175601244
BMSSP,dense,50,732,0.0001916350011015311
BMSSP,dense,50,732,0.00018697499763220549
BMSSP,dense,50,732,0.00019125600010738708
BMSSP,dense,50,732,0.0005542610015254468
BMSSP,dense,50,732,0.00018048499987344258
BMSSP,dense,50,732,0.0001803880004445091
BMSSP,dense,50,732,0.00019016299847862683
BMSSP,dense,50,732,0.00018483600069885142
BMSSP,dense,50,732,0.00019288399926153943
BMSSP,dense,50,732,0.00019313600205350667
BMSSP,dense,50,732,0.00019156399866915308
BMSSP,dense,50,732,0.0001871249987743795
BMSSP,dense,50,732,0.00017889599985210225
BMSSP,dense,50,732,0.00019383000108064152
BMSSP,dense,50,732,0.00018353799896431156
BMSSP,dense,50,732,0.00018940500012831762
BMSSP,dense,50,732,0.00019197700021322817
BMSSP,dense,50,732,0.0005518830002984032
BMSSP,dense,50,732,0.00018115700004273094
BMSSP,dense,50,732,0.00019148299907101318
BMSSP,dense,50,732,0.00022118400011095218
BMSSP,dense,50,732,0.00018076799824484624
BMSSP,dense,50,732,0.00018059200010611676
BMSSP,dense,50,732,0.00018015399837167934
BMSSP,dense,50,732,0.00017954099894268438
BMSSP,dense,50,732,0.00017813399972510524
Trad_Dijkstra,sparse,100,291,0.000794285999290878
Trad_Dijkstra,sparse,100,291,0.0007536880002589896
Trad_Dijkstra,sparse,100,291,0.0007491040014429018
Trad_Dijkstra,sparse,100,291,0.0007461450004484504
Trad_Dijkstra,sparse,100,291,0.0007449269978678785
Trad_Dijkstra,sparse,100,291,0.0007749290016363375
Trad_Dijkstra,sparse,100,291,0.0007453079997503664
Trad_Dijkstra,sparse,100,291,0.0008608230018580798
Trad_Dijkstra,sparse,100,291,0.0007474419981008396
Trad_Dijkstra,sparse,100,291,0.0007689170015510172
Trad_Dijkstra,sparse,100,291,0.0007468959993275348
Trad_Dijkstra,sparse,100,291,0.0007466839997505303
Trad_Dijkstra,sparse,100,291,0.0007463749971066136
Trad_Dijkstra,sparse,100,291,0.0007495220015698578
Trad_Dijkstra,sparse,100,291,0.0007623999990755692
Trad_Dijkstra,sparse,100,291,0.0007456849998561665
Trad_Dijkstra,sparse,100,291,0.0007454299993696623
Trad_Dijkstra,sparse,100,291,0.0007491819997085258
Trad_Dijkstra,sparse,100,291,0.0007512070005759597
Trad_Dijkstra,sparse,100,291,0.0008528390026185662
Trad_Dijkstra,sparse,100,291,0.0007482479995815083
Trad_Dijkstra,sparse,100,291,0.0007517029989685398
Trad_Dijkstra,sparse,100,291,0.0007444900002155919
Trad_Dijkstra,sparse,100,291,0.0007649619983567391
Trad_Dijkstra,sparse,100,291,0.0007512619995395653
Trad_Dijkstra,sparse,100,291,0.0007517630001530051
Trad_Dijkstra,sparse,100,291,0.0007453920006810222
Trad_Dijkstra,sparse,100,291,0.000745249999454245
Trad_Dijkstra,sparse,100,291,0.0007694740015722346
Trad_Dijkstra,sparse,100,291,0.0007436240011884365
Trad_Dijkstra,sparse,100,291,0.0007453750004060566
Trad_Dijkstra,sparse,100,291,0.0008005700001376681
Trad_Dijkstra,sparse,100,291,0.0008800260002317373
Trad_Dijkstra,sparse,100,291,0.0008410890004597604
Trad_Dijkstra,sparse,100,291,0.0008402029998251237
Trad_Dijkstra,sparse,100,291,0.0008387140005652327
Trad_Dijkstra,sparse,100,291,0.0008580630019423552
Trad_Dijkstra,sparse,100,291,0.0008420550002483651
Trad_Dijkstra,sparse,100,291,0.0008399680009461008
Trad_Dijkstra,sparse,100,291,0.0008384790016862098
Trad_Dijkstra,sparse,100,291,0.0008549900012440048
Trad_Dijkstra,sparse,100,291,0.0008370819996343926
Trad_Dijkstra,sparse,100,291,0.0011057539995817933
Trad_Dijkstra,sparse,100,291,0.0008423280014540069
Trad_Dijkstra,sparse,100,291,0.0008644330009701662
Trad_Dijkstra,sparse,100,291,0.0008400830010941718
Trad_Dijkstra,sparse,100,291,0.0008395139993808698
Trad_Dijkstra,sparse,100,291,0.0008409770016442053
Trad_Dijkstra,sparse,100,291,0.0008545050004613586
Trad_Dijkstra,sparse,100,291,0.0008377199992537498
Fibbo_Dijkstra,sparse,100,291,0.0008993240007839631
Fibbo_Dijkstra,sparse,100,291,0.0008819369977572933
Fibbo_Dijkstra,sparse,100,291,0.0009039750002557412
Fibbo_Dijkstra,sparse,100,291,0.0010675069970602635
Fibbo_Dijkstra,sparse,100,291,0.00088381100067636
Fibbo_Dijkstra,sparse,100,291,0.0008817899979476351
Fibbo_Dijkstra,sparse,100,291,0.0009024999999382999
Fibbo_Dijkstra,sparse,100,291,0.0008823710013530217
Fibbo_Dijkstra,sparse,100,291,0.0008813669992377982
Fibbo_Dijkstra,sparse,100,291,0.0008800479990895838
Fibbo_Dijkstra,sparse,100,291,0.0009061390010174364
Fibbo_Dijkstra,sparse,100,291,0.0008801809999567922
Fibbo_Dijkstra,sparse,100,291,0.0008806100013316609
Fibbo_Dijkstra,sparse,100,291,0.0010032489990408067
Fibbo_Dijkstra,sparse,100,291,0.0009085739984584507
Fibbo_Dijkstra,sparse,100,291,0.0009363780009152833
Fibbo_Dijkstra,sparse,100,291,0.0008811160005279817
Fibbo_Dijkstra,sparse,100,291,0.0008773120025580283
Fibbo_Dijkstra,sparse,100,291,0.0009694039981695823
Fibbo_Dijkstra,sparse,100,291,0.0008909099997254089
Fibbo_Dijkstra,sparse,100,291,0.0008774300004006363
Fibbo_Dijkstra,sparse,100,291,0.0008742370009713341
Fibbo_Dijkstra,sparse,100,291,0.0008822890013107099
Fibbo_Dijkstra,sparse,100,291,0.0008776110007602256
Fibbo_Dijkstra,sparse,100,291,0.0008961720013758168
Fibbo_Dijkstra,sparse,100,291,0.0008168990025296807
Fibbo_Dijkstra,sparse,100,291,0.0008538360016245861
Fibbo_Dijkstra,sparse,100,291,0.0008039399981498718
Fibbo_Dijkstra,sparse,100,291,0.0008110359995043837
Fibbo_Dijkstra,sparse,100,291,0.0008209410007111728
Fibbo_Dijkstra,sparse,100,291,0.000831381999887526
Fibbo_Dijkstra,sparse,100,291,0.0008072569980868138
Fibbo_Dijkstra,sparse,100,291,0.0008095699995465111
Fibbo_Dijkstra,sparse,100,291,0.0008288810022349935
Fibbo_Dijkstra,sparse,100,291,0.0009288500004913658
Fibbo_Dijkstra,sparse,100,291,0.0010030349985754583
Fibbo_Dijkstra,sparse,100,291,0.0007943089985928964
Fibbo_Dijkstra,sparse,100,291,0.0007889170010457747
Fibbo_Dijkstra,sparse,100,291,0.0008093500000541098
Fibbo_Dijkstra,sparse,100,291,0.0007898960029706359
Fibbo_Dijkstra,sparse,100,291,0.0007954859975143336
Fibbo_Dijkstra,sparse,100,291,0.0007870440022088587
Fibbo_Dijkstra,sparse,100,291,0.0007878930009610485
Fibbo_Dijkstra,sparse,100,291,0.0008263810013886541
Fibbo_Dijkstra,sparse,100,291,0.0007893309993960429
Fibbo_Dijkstra,sparse,100,291,0.0007976550004968885
Fibbo_Dijkstra,sparse,100,291,0.0009161970010609366
Fibbo_Dijkstra,sparse,100,291,0.0008225339988712221
Fibbo_Dijkstra,sparse,100,291,0.0007902989964350127
Fibbo_Dijkstra,sparse,100,291,0.0009353839996038005
BMSSP,sparse,100,291,0.00024828700043144636
BMSSP,sparse,100,291,0.0002249469980597496
BMSSP,sparse,100,291,0.00022425300267059356
BMSSP,sparse,100,291,0.0002216829998360481
BMSSP,sparse,100,291,0.0002230099998996593
BMSSP,sparse,100,291,0.00022142599846119992
BMSSP,sparse,100,291,0.00021901999934925698
BMSSP,sparse,100,291,0.00022234599964576773
BMSSP,sparse,100,291,0.00021911000294494443
BMSSP,sparse,100,291,0.00022002900004736148
BMSSP,sparse,100,291,0.00022037700182409026
BMSSP,sparse,100,291,0.0002204000011261087
BMSSP,sparse,100,291,0.00022069699843996204
BMSSP,sparse,100,291,0.00022095799795351923
BMSSP,sparse,100,291,0.00022167499992065132
BMSSP,sparse,100,291,0.00022041599731892347
BMSSP,sparse,100,291,0.00026536099903751165
BMSSP,sparse,100,291,0.00020522900013020262
BMSSP,sparse,100,291,0.00020677400243584998
BMSSP,sparse,100,291,0.00020419799693627283
BMSSP,sparse,100,291,0.00020315700021455996
BMSSP,sparse,100,291,0.00020410100114531815
BMSSP,sparse,100,291,0.00020382100046845153
BMSSP,sparse,100,291,0.0002030969990300946
BMSSP,sparse,100,291,0.00020307000158936717
BMSSP,sparse,100,291,0.00020246999702067114
BMSSP,sparse,100,291,0.00020336200032033958
BMSSP,sparse,100,291,0.00020282300101825967
BMSSP,sparse,100,291,0.0002028579983743839
BMSSP,sparse,100,291,0.00020703299742308445
BMSSP,sparse,100,291,0.00022431799879996106
BMSSP,sparse,100,291,0.00020165800015092827
BMSSP,sparse,100,291,0.0002022459993895609
BMSSP,sparse,100,291,0.0002477189991623163
BMSSP,sparse,100,291,0.00020494799900916405
BMSSP,sparse,100,291,0.00020426700211828575
BMSSP,sparse,100,291,0.00020278000010875985
BMSSP,sparse,100,291,0.0002032490010606125
BMSSP,sparse,100,291,0.00020318300084909424
BMSSP,sparse,100,291,0.00020244999905116856
BMSSP,sparse,100,291,0.00020776400197064504
BMSSP,sparse,100,291,0.00024876899988157675
BMSSP,sparse,100,291,0.00022329599960357882
BMSSP,sparse,100,291,0.00022350099970935844
BMSSP,sparse,100,291,0.00022171199816511944
BMSSP,sparse,100,291,0.00022191500102053396
BMSSP,sparse,100,291,0.00022050400002626702
BMSSP,sparse,100,291,0.00022144300237414427
BMSSP,sparse,100,291,0.0003466079979261849
BMSSP,sparse,100,291,0.00022228799934964627
Trad_Dijkstra,dense,100,2995,0.0010387410002294928
Trad_Dijkstra,dense,100,2995,0.00106904700078303
Trad_Dijkstra,dense,100,2995,0.001041857001837343
Trad_Dijkstra,dense,100,2995,0.0010108930000569671
Trad_Dijkstra,dense,100,2995,0.0010057839972432703
Trad_Dijkstra,dense,100,2995,0.0010099179999087937
Trad_Dijkstra,dense,100,2995,0.001007655999273993
Trad_Dijkstra,dense,100,2995,0.0011196320010640193
Trad_Dijkstra,dense,100,2995,0.0010078610030177515
Trad_Dijkstra,dense,100,2995,0.00102843400236452
Trad_Dijkstra,dense,100,2995,0.0010054750018753111
Trad_Dijkstra,dense,100,2995,0.0010041610003099777
Trad_Dijkstra,dense,100,2995,0.0010011980011768173
Trad_Dijkstra,dense,100,2995,0.0010044760019809473
Trad_Dijkstra,dense,100,2995,0.001000951997411903
Trad_Dijkstra,dense,100,2995,0.0010030009980255272
Trad_Dijkstra,dense,100,2995,0.0010206709994236007
Trad_Dijkstra,dense,100,2995,0.001121815002989024
Trad_Dijkstra,dense,100,2995,0.001004146000923356
Trad_Dijkstra,dense,100,2995,0.0010078300001623575
Trad_Dijkstra,dense,100,2995,0.001015548001305433
Trad_Dijkstra,dense,100,2995,0.0010069540003314614
Trad_Dijkstra,dense,100,2995,0.0009996039989346173
Trad_Dijkstra,dense,100,2995,0.0010231020023638848
Trad_Dijkstra,dense,100,2995,0.0010005860021919943
Trad_Dijkstra,dense,100,2995,0.0010027110001828987
Trad_Dijkstra,dense,100,2995,0.0011071929984609596
Trad_Dijkstra,dense,100,2995,0.0010205120015598368
Trad_Dijkstra,dense,100,2995,0.0009997960005421191
Trad_Dijkstra,dense,100,2995,0.001006288999633398
Trad_Dijkstra,dense,100,2995,0.0011020060010196175
Trad_Dijkstra,dense,100,2995,0.0010825009994732682
Trad_Dijkstra,dense,100,2995,0.0010767530002340209
Trad_Dijkstra,dense,100,2995,0.0010804940029629506
Trad_Dijkstra,dense,100,2995,0.0010755980001704302
Trad_Dijkstra,dense,100,2995,0.0011872720024257433
Trad_Dijkstra,dense,100,2995,0.00107938599830959
Trad_Dijkstra,dense,100,2995,0.0011181890004081652
Trad_Dijkstra,dense,100,2995,0.0010734889983723406
Trad_Dijkstra,dense,100,2995,0.0010798610019264743
Trad_Dijkstra,dense,100,2995,0.0010867599994526245
Trad_Dijkstra,dense,100,2995,0.001080187998013571
Trad_Dijkstra,dense,100,2995,0.0010753209971881006
Trad_Dijkstra,dense,100,2995,0.0010954210010822862
Trad_Dijkstra,dense,100,2995,0.001227818000188563
Trad_Dijkstra,dense,100,2995,0.0010794420013553463
Trad_Dijkstra,dense,100,2995,0.0010746650004875846
Trad_Dijkstra,dense,100,2995,0.0010926420000032522
Trad_Dijkstra,dense,100,2995,0.0010782110002764966
Trad_Dijkstra,dense,100,2995,0.0010810040002979804
Fibbo_Dijkstra,dense,100,2995,0.0013636879994010087
Fibbo_Dijkstra,dense,100,2995,0.001075832999049453
Fibbo_Dijkstra,dense,100,2995,0.0011849019974761177
Fibbo_Dijkstra,dense,100,2995,0.0012101149986847304
Fibbo_Dijkstra,dense,100,2995,0.001233012997545302
Fibbo_Dijkstra,dense,100,2995,0.001071488000889076
Fibbo_Dijkstra,dense,100,2995,0.0012531530010164715
Fibbo_Dijkstra,dense,100,2995,0.0010633070014591794
Fibbo_Dijkstra,dense,100,2995,0.0010565320008026902
Fibbo_Dijkstra,dense,100,2995,0.0010762290003185626
Fibbo_Dijkstra,dense,100,2995,0.0010596210013318341
Fibbo_Dijkstra,dense,100,2995,0.0011807379996753298
Fibbo_Dijkstra,dense,100,2995,0.0010950040013995022
Fibbo_Dijkstra,dense,100,2995,0.0010616580002533738
Fibbo_Dijkstra,dense,100,2995,0.0010564500007603783
Fibbo_Dijkstra,dense,100,2995,0.0010639229985827114
Fibbo_Dijkstra,dense,100,2995,0.0010733710005297326
Fibbo_Dijkstra,dense,100,2995,0.001053264997608494
Fibbo_Dijkstra,dense,100,2995,0.001050024999130983
Fibbo_Dijkstra,dense,100,2995,0.0010777520001283847
Fibbo_Dijkstra,dense,100,2995,0.0010554919972491916
Fibbo_Dijkstra,dense,100,2995,0.0010530559993640054
Fibbo_Dijkstra,dense,100,2995,0.0010698599980969448
Fibbo_Dijkstra,dense,100,2995,0.0010548749996814877
Fibbo_Dijkstra,dense,100,2995,0.0010529869978199713
Fibbo_Dijkstra,dense,100,2995,0.0010551519990258384
Fibbo_Dijkstra,dense,100,2995,0.0011693779997585807
Fibbo_Dijkstra,dense,100,2995,0.0010563819996605162
Fibbo_Dijkstra,dense,100,2995,0.0011141830000269692
Fibbo_Dijkstra,dense,100,2995,0.0010822090007422958
Fibbo_Dijkstra,dense,100,2995,0.0010566319979261607
Fibbo_Dijkstra,dense,100,2995,0.0010532140004215762
Fibbo_Dijkstra,dense,100,2995,0.0010779949989228044
Fibbo_Dijkstra,dense,100,2995,0.0010556560009717941
Fibbo_Dijkstra,dense,100,2995,0.0010539959985180758
Fibbo_Dijkstra,dense,100,2995,0.0010546510020503774
Fibbo_Dijkstra,dense,100,2995,0.0011110340019513387
Fibbo_Dijkstra,dense,100,2995,0.00117001699982211
Fibbo_Dijkstra,dense,100,2995,0.0010585490017547272
Fibbo_Dijkstra,dense,100,2995,0.001079679001122713
Fibbo_Dijkstra,dense,100,2995,0.0010566119999566581
Fibbo_Dijkstra,dense,100,2995,0.0010552130006544758
Fibbo_Dijkstra,dense,100,2995,0.0010726530017564073
Fibbo_Dijkstra,dense,100,2995,0.0010588269979052711
Fibbo_Dijkstra,dense,100,2995,0.0010544860015215818
Fibbo_Dijkstra,dense,100,2995,0.001054591000865912
Fibbo_Dijkstra,dense,100,2995,0.0012052929996571038
Fibbo_Dijkstra,dense,100,2995,0.0010627580013533588
Fibbo_Dijkstra,dense,100,2995,0.0010531799998716451
Fibbo_Dijkstra,dense,100,2995,0.001076633001503069
BMSSP,dense,100,2995,0.0006006719995639287
BMSSP,dense,100,2995,0.0005875830029253848
BMSSP,dense,100,2995,0.000606912999501219
BMSSP,dense,100,2995,0.0005770460011262912
BMSSP,dense,100,2995,0.0005854139999428298
BMSSP,dense,100,2995,0.0006015190010657534
BMSSP,dense,100,2995,0.000583732999075437
BMSSP,dense,100,2995,0.0005882430014025886
BMSSP,dense,100,2995,0.0005803070016554557
BMSSP,dense,100,2995,0.0005790489994978998
BMSSP,dense,100,2995,0.0005996180007059593
BMSSP,dense,100,2995,0.0005802500018035062
BMSSP,dense,100,2995,0.0005797589983558282
BMSSP,dense,100,2995,0.0006957250006962568
BMSSP,dense,100,2995,0.000579955998546211
BMSSP,dense,100,2995,0.0005981280010018963
BMSSP,dense,100,2995,0.0005787650006823242
BMSSP,dense,100,2995,0.0005787539994344115
BMSSP,dense,100,2995,0.0006027819981682114
BMSSP,dense,100,2995,0.0005791889998363331
BMSSP,dense,100,2995,0.000579874002141878
BMSSP,dense,100,2995,0.0005766179965576157
BMSSP,dense,100,2995,0.0006985929976508487
BMSSP,dense,100,2995,0.0005802080013381783
BMSSP,dense,100,2995,0.0005786469992017373
BMSSP,dense,100,2995,0.0018876729991461616
BMSSP,dense,100,2995,0.0019290529999125283
BMSSP,dense,100,2995,0.00128283899903181
BMSSP,dense,100,2995,0.0005814060023112688
BMSSP,dense,100,2995,0.0005794130011054222
BMSSP,dense,100,2995,0.0005795239994768053
BMSSP,dense,100,2995,0.0005798970014438964
BMSSP,dense,100,2995,0.0005788630005554296
BMSSP,dense,100,2995,0.0005816230004711542
BMSSP,dense,100,2995,0.0005796570003440138
BMSSP,dense,100,2995,0.0006948139998712577
BMSSP,dense,100,2995,0.000582780998229282
BMSSP,dense,100,2995,0.0005792029987787828
BMSSP,dense,100,2995,0.0005816370030515827
BMSSP,dense,100,2995,0.0005794150019937661
BMSSP,dense,100,2995,0.0005829080000694375
BMSSP,dense,100,2995,0.0005809280009998474
BMSSP,dense,100,2995,0.0005813790012325626
BMSSP,dense,100,2995,0.0006903649991727434
BMSSP,dense,100,2995,0.0005822679995617364
BMSSP,dense,100,2995,0.0005807880006614141
BMSSP,dense,100,2995,0.0005834090006828774
BMSSP,dense,100,2995,0.0005821100021421444
BMSSP,dense,100,2995,0.000578693001443753
BMSSP,dense,100,2995,0.0005952610008534975
Trad_Dijkstra,sparse,200,590,0.0027125289998366497
Trad_Dijkstra,sparse,200,590,0.0026765380025608465
Trad_Dijkstra,sparse,200,590,0.0026475680024304893
Trad_Dijkstra,sparse,200,590,0.0027956919984717388
Trad_Dijkstra,sparse,200,590,0.0026647190024959855
Trad_Dijkstra,sparse,200,590,0.002744514997175429
Trad_Dijkstra,sparse,200,590,0.0026423339986649808
Trad_Dijkstra,sparse,200,590,0.0027672889991663396
Trad_Dijkstra,sparse,200,590,0.002675077001185855
Trad_Dijkstra,sparse,200,590,0.0026399760026833974
Trad_Dijkstra,sparse,200,590,0.0026558650024526287
Trad_Dijkstra,sparse,200,590,0.0028011080030410085
Trad_Dijkstra,sparse,200,590,0.0026470650009287056
Trad_Dijkstra,sparse,200,590,0.0026424200004839804
Trad_Dijkstra,sparse,200,590,0.0026583910002955236
Trad_Dijkstra,sparse,200,590,0.0028565510001499206
Trad_Dijkstra,sparse,200,590,0.002556520001235185
Trad_Dijkstra,sparse,200,590,0.002565222002886003
Trad_Dijkstra,sparse,200,590,0.002682206999452319
Trad_Dijkstra,sparse,200,590,0.0025516730020171963
Trad_Dijkstra,sparse,200,590,0.002563810001447564
Trad_Dijkstra,sparse,200,590,0.0025765990030777175
Trad_Dijkstra,sparse,200,590,0.0026745189970824867
Trad_Dijkstra,sparse,200,590,0.002568122999946354
Trad_Dijkstra,sparse,200,590,0.002601520001917379
Trad_Dijkstra,sparse,200,590,0.0025502610005787574
Trad_Dijkstra,sparse,200,590,0.002679351000551833
Trad_Dijkstra,sparse,200,590,0.002572810000856407
Trad_Dijkstra,sparse,200,590,0.0025628799994592555
Trad_Dijkstra,sparse,200,590,0.0025493499997537583
Trad_Dijkstra,sparse,200,590,0.0031345970019174274
Trad_Dijkstra,sparse,200,590,0.002579290001449408
Trad_Dijkstra,sparse,200,590,0.002548364998801844
Trad_Dijkstra,sparse,200,590,0.002731582000706112
Trad_Dijkstra,sparse,200,590,0.0026857329976337496
Trad_Dijkstra,sparse,200,590,0.0025565100004314445
Trad_Dijkstra,sparse,200,590,0.002556449002440786
Trad_Dijkstra,sparse,200,590,0.0025754990019777324
Trad_Dijkstra,sparse,200,590,0.0027001330017810687
Trad_Dijkstra,sparse,200,590,0.002708509000513004
Trad_Dijkstra,sparse,200,590,0.0025710079971759114
Trad_Dijkstra,sparse,200,590,0.00299025200001779
Trad_Dijkstra,sparse,200,590,0.002840862001903588
Trad_Dijkstra,sparse,200,590,0.0025634939993324224
Trad_Dijkstra,sparse,200,590,0.0025671469993540086
Trad_Dijkstra,sparse,200,590,0.0026928610022878274
Trad_Dijkstra,sparse,200,590,0.002567896997788921
Trad_Dijkstra,sparse,200,590,0.002564572998380754
Trad_Dijkstra,sparse,200,590,0.0025734830014698673
Trad_Dijkstra,sparse,200,590,0.002676059000805253
Fibbo_Dijkstra,sparse,200,590,0.0017757709974830505
Fibbo_Dijkstra,sparse,200,590,0.0016988079987640958
Fibbo_Dijkstra,sparse,200,590,0.0017518450003990438
Fibbo_Dijkstra,sparse,200,590,0.0016945559982559644
Fibbo_Dijkstra,sparse,200,590,0.0017663580001681112
Fibbo_Dijkstra,sparse,200,590,0.0017481489994679578
Fibbo_Dijkstra,sparse,200,590,0.0017289040006289724
Fibbo_Dijkstra,sparse,200,590,0.0016937069995037746
Fibbo_Dijkstra,sparse,200,590,0.001716334001685027
Fibbo_Dijkstra,sparse,200,590,0.0016945389979809988
Fibbo_Dijkstra,sparse,200,590,0.0022429100026784
Fibbo_Dijkstra,sparse,200,590,0.001703862002614187
Fibbo_Dijkstra,sparse,200,590,0.0017160819988930598
Fibbo_Dijkstra,sparse,200,590,0.001753902997734258
Fibbo_Dijkstra,sparse,200,590,0.0016854770001373254
Fibbo_Dijkstra,sparse,200,590,0.0017270730022573844
Fibbo_Dijkstra,sparse,200,590,0.0018758920014079195
Fibbo_Dijkstra,sparse,200,590,0.0017197019988088869
Fibbo_Dijkstra,sparse,200,590,0.0017049940033757593
Fibbo_Dijkstra,sparse,200,590,0.0017385840001225006
Fibbo_Dijkstra,sparse,200,590,0.0017026760033331811
Fibbo_Dijkstra,sparse,200,590,0.0018846430029952899
Fibbo_Dijkstra,sparse,200,590,0.001705977996607544
Fibbo_Dijkstra,sparse,200,590,0.0017254810009035282
Fibbo_Dijkstra,sparse,200,590,0.0016892769999685697
Fibbo_Dijkstra,sparse,200,590,0.0017383150006935466
Fibbo_Dijkstra,sparse,200,590,0.0016939619999902789
Fibbo_Dijkstra,sparse,200,590,0.0018738300022960175
Fibbo_Dijkstra,sparse,200,590,0.001690868997684447
Fibbo_Dijkstra,sparse,200,590,0.0017195359978359193
Fibbo_Dijkstra,sparse,200,590,0.0016955630017037038
Fibbo_Dijkstra,sparse,200,590,0.001878433999081608
Fibbo_Dijkstra,sparse,200,590,0.0017317500023636967
Fibbo_Dijkstra,sparse,200,590,0.0018102759968314786
Fibbo_Dijkstra,sparse,200,590,0.00180087300032028
Fibbo_Dijkstra,sparse,200,590,0.0018572010012576357
Fibbo_Dijkstra,sparse,200,590,0.0017974479997064918
Fibbo_Dijkstra,sparse,200,590,0.001786690998414997
Fibbo_Dijkstra,sparse,200,590,0.0021403130012913607
Fibbo_Dijkstra,sparse,200,590,0.0018267480008944403
Fibbo_Dijkstra,sparse,200,590,0.0017985009981202893
Fibbo_Dijkstra,sparse,200,590,0.00179145899892319
Fibbo_Dijkstra,sparse,200,590,0.001790115002222592
Fibbo_Dijkstra,sparse,200,590,0.0021887189977860544
Fibbo_Dijkstra,sparse,200,590,0.0018018750015471596
Fibbo_Dijkstra,sparse,200,590,0.0018147069968108553
Fibbo_Dijkstra,sparse,200,590,0.0017888799993670546
Fibbo_Dijkstra,sparse,200,590,0.0018092179998348001
Fibbo_Dijkstra,sparse,200,590,0.0019348679998074658
Fibbo_Dijkstra,sparse,200,590,0.0019347490015206859
BMSSP,sparse,200,590,0.0004467370017664507
BMSSP,sparse,200,590,0.00043126600212417543
BMSSP,sparse,200,590,0.00043319100223015994
BMSSP,sparse,200,590,0.00043061600081273355
BMSSP,sparse,200,590,0.00043037700015702285
BMSSP,sparse,200,590,0.00043105199802084826
BMSSP,sparse,200,590,0.00043086699952255003
BMSSP,sparse,200,590,0.0004307059971324634
BMSSP,sparse,200,590,0.0004462689976207912
BMSSP,sparse,200,590,0.00043327599996700883
BMSSP,sparse,200,590,0.0005547199980355799
BMSSP,sparse,200,590,0.0004305299989937339
BMSSP,sparse,200,590,0.0004586510003719013
BMSSP,sparse,200,590,0.00043819799975608476
BMSSP,sparse,200,590,0.00043221099986112677
BMSSP,sparse,200,590,0.00042897899766103365
BMSSP,sparse,200,590,0.00043263800034765154
BMSSP,sparse,200,590,0.00043027799983974546
BMSSP,sparse,200,590,0.0004298780004319269
BMSSP,sparse,200,590,0.0004307429990149103
BMSSP,sparse,200,590,0.0004326840025896672
BMSSP,sparse,200,590,0.0005615709997073282
BMSSP,sparse,200,590,0.000433880999480607
BMSSP,sparse,200,590,0.0004291830009606201
BMSSP,sparse,200,590,0.0004327300011937041
BMSSP,sparse,200,590,0.0004356869976618327
BMSSP,sparse,200,590,0.00043183399975532666
BMSSP,sparse,200,590,0.0004364579981483985
BMSSP,sparse,200,590,0.00043269700108794495
BMSSP,sparse,200,590,0.00047932199959177524
BMSSP,sparse,200,590,0.0005943689975538291
BMSSP,sparse,200,590,0.0004405570034577977
BMSSP,sparse,200,590,0.000439714000094682
BMSSP,sparse,200,590,0.0015302229985536542
BMSSP,sparse,200,590,0.0015406050006276928
BMSSP,sparse,200,590,0.0012643749978451524
BMSSP,sparse,200,590,0.0012706529996648896
BMSSP,sparse,200,590,0.0012724200023512822
BMSSP,sparse,200,590,0.0013083039993944112
BMSSP,sparse,200,590,0.0012641819994314574
BMSSP,sparse,200,590,0.0012533469998743385
BMSSP,sparse,200,590,0.0012413730000844225
BMSSP,sparse,200,590,0.0012321909998718183
BMSSP,sparse,200,590,0.0012263839998922776
BMSSP,sparse,200,590,0.0012628700023924466
BMSSP,sparse,200,590,0.0009674079992691986
BMSSP,sparse,200,590,0.0009249049981008284
BMSSP,sparse,200,590,0.0014398860002984293
BMSSP,sparse,200,590,0.0012185649975435808
BMSSP,sparse,200,590,0.0006065449997549877
Trad_Dijkstra,dense,200,11943,0.003602316999604227
Trad_Dijkstra,dense,200,11943,0.003762953001569258
Trad_Dijkstra,dense,200,11943,0.003635109002061654
Trad_Dijkstra,dense,200,11943,0.003732760000275448
Trad_Dijkstra,dense,200,11943,0.0036394740018295124
Trad_Dijkstra,dense,200,11943,0.003680301997519564
Trad_Dijkstra,dense,200,11943,0.0037492000010388438
Trad_Dijkstra,dense,200,11943,0.0036408890009624884
Trad_Dijkstra,dense,200,11943,0.0036976169976696838
Trad_Dijkstra,dense,200,11943,0.003780465998715954
Trad_Dijkstra,dense,200,11943,0.003642919000412803
Trad_Dijkstra,dense,200,11943,0.003668629997264361
Trad_Dijkstra,dense,200,11943,0.00411566700131516
Trad_Dijkstra,dense,200,11943,0.003667061999294674
Trad_Dijkstra,dense,200,11943,0.003925739001715556
Trad_Dijkstra,dense,200,11943,0.003649328999017598
Trad_Dijkstra,dense,200,11943,0.0036316879995865747
Trad_Dijkstra,dense,200,11943,0.00377577399922302
Trad_Dijkstra,dense,200,11943,0.0038595529986196198
Trad_Dijkstra,dense,200,11943,0.00364540800001123
Trad_Dijkstra,dense,200,11943,0.0037539820004894864
Trad_Dijkstra,dense,200,11943,0.003647305999038508
Trad_Dijkstra,dense,200,11943,0.0036391649991855957
Trad_Dijkstra,dense,200,11943,0.0036539969987643417
Trad_Dijkstra,dense,200,11943,0.003578872001526179
Trad_Dijkstra,dense,200,11943,0.003675038999062963
Trad_Dijkstra,dense,200,11943,0.003565212999092182
Trad_Dijkstra,dense,200,11943,0.0035653400009323377
Trad_Dijkstra,dense,200,11943,0.003673045001050923
Trad_Dijkstra,dense,200,11943,0.00355167599991546
Trad_Dijkstra,dense,200,11943,0.0035495329975674395
Trad_Dijkstra,dense,200,11943,0.0037304809993656818
Trad_Dijkstra,dense,200,11943,0.0036630440008593723
Trad_Dijkstra,dense,200,11943,0.00357024600089062
Trad_Dijkstra,dense,200,11943,0.0037150179996388033
Trad_Dijkstra,dense,200,11943,0.0037135260026843753
Trad_Dijkstra,dense,200,11943,0.0035701500019058585
Trad_Dijkstra,dense,200,11943,0.003920494000340113
Trad_Dijkstra,dense,200,11943,0.0035801009980787057
Trad_Dijkstra,dense,200,11943,0.0037065100004838314
Trad_Dijkstra,dense,200,11943,0.003573639001842821
Trad_Dijkstra,dense,200,11943,0.0035673429993039463
Trad_Dijkstra,dense,200,11943,0.0038296769998851232
Trad_Dijkstra,dense,200,11943,0.003580201999284327
Trad_Dijkstra,dense,200,11943,0.0035652299993671477
Trad_Dijkstra,dense,200,11943,0.00368307699682191
Trad_Dijkstra,dense,200,11943,0.0036999169969931245
Trad_Dijkstra,dense,200,11943,0.003574709000531584
Trad_Dijkstra,dense,200,11943,0.003688837998197414
Trad_Dijkstra,dense,200,11943,0.0035732329997699708
Fibbo_Dijkstra,dense,200,11943,0.002556226998422062
Fibbo_Dijkstra,dense,200,11943,0.0026787659990077373
Fibbo_Dijkstra,dense,200,11943,0.002557751999120228
Fibbo_Dijkstra,dense,200,11943,0.002548063999711303
Fibbo_Dijkstra,dense,200,11943,0.0025702410021040123
Fibbo_Dijkstra,dense,200,11943,0.0028011840004182886
Fibbo_Dijkstra,dense,200,11943,0.0025338199993711896
Fibbo_Dijkstra,dense,200,11943,0.002543571998103289
Fibbo_Dijkstra,dense,200,11943,0.0026538620004430413
Fibbo_Dijkstra,dense,200,11943,0.002673934999620542
Fibbo_Dijkstra,dense,200,11943,0.00252492200161214
Fibbo_Dijkstra,dense,200,11943,0.0025249069985875394
Fibbo_Dijkstra,dense,200,11943,0.0025055640035134275
Fibbo_Dijkstra,dense,200,11943,0.002654782001627609
Fibbo_Dijkstra,dense,200,11943,0.0025579470020602457
Fibbo_Dijkstra,dense,200,11943,0.002504943000531057
Fibbo_Dijkstra,dense,200,11943,0.002523972998460522
Fibbo_Dijkstra,dense,200,11943,0.0026538269994489383
Fibbo_Dijkstra,dense,200,11943,0.002507256001990754
Fibbo_Dijkstra,dense,200,11943,0.0025227309997717384
Fibbo_Dijkstra,dense,200,11943,0.002532762002374511
Fibbo_Dijkstra,dense,200,11943,0.0026448909993632697
Fibbo_Dijkstra,dense,200,11943,0.0025055730002350174
Fibbo_Dijkstra,dense,200,11943,0.0025301710011262912
Fibbo_Dijkstra,dense,200,11943,0.002535132000048179
Fibbo_Dijkstra,dense,200,11943,0.0026221950029139407
Fibbo_Dijkstra,dense,200,11943,0.002544870996644022
Fibbo_Dijkstra,dense,200,11943,0.002521268997952575
Fibbo_Dijkstra,dense,200,11943,0.002541391000704607
Fibbo_Dijkstra,dense,200,11943,0.0027674070006469265
Fibbo_Dijkstra,dense,200,11943,0.002520037996873725
Fibbo_Dijkstra,dense,200,11943,0.0025018419983098283
Fibbo_Dijkstra,dense,200,11943,0.002919868999015307
Fibbo_Dijkstra,dense,200,11943,0.0030245109992392827
Fibbo_Dijkstra,dense,200,11943,0.0026654819994291756
Fibbo_Dijkstra,dense,200,11943,0.002608312999655027
Fibbo_Dijkstra,dense,200,11943,0.002800714999466436
Fibbo_Dijkstra,dense,200,11943,0.002639043999806745
Fibbo_Dijkstra,dense,200,11943,0.002598803002911154
Fibbo_Dijkstra,dense,200,11943,0.002616549998492701
Fibbo_Dijkstra,dense,200,11943,0.0027494790010678116
Fibbo_Dijkstra,dense,200,11943,0.002621037001517834
Fibbo_Dijkstra,dense,200,11943,0.002603130000352394
Fibbo_Dijkstra,dense,200,11943,0.0026142850001633633
Fibbo_Dijkstra,dense,200,11943,0.002719534000789281
Fibbo_Dijkstra,dense,200,11943,0.0025965540007746313
Fibbo_Dijkstra,dense,200,11943,0.002618443002575077
Fibbo_Dijkstra,dense,200,11943,0.0027585279967752285
Fibbo_Dijkstra,dense,200,11943,0.0026095499997609295
Fibbo_Dijkstra,dense,200,11943,0.0026253350006300025
BMSSP,dense,200,11943,0.0019283219990029465
BMSSP,dense,200,11943,0.0018981840003107209
BMSSP,dense,200,11943,0.0018998309969902039
BMSSP,dense,200,11943,0.002038995000475552
BMSSP,dense,200,11943,0.002660013000422623
BMSSP,dense,200,11943,0.0020832810005231295
BMSSP,dense,200,11943,0.0020351159982965328
BMSSP,dense,200,11943,0.0019138370007567573
BMSSP,dense,200,11943,0.001911297000333434
BMSSP,dense,200,11943,0.0019124550017295405
BMSSP,dense,200,11943,0.002041483996436
BMSSP,dense,200,11943,0.0018956059975607786
BMSSP,dense,200,11943,0.0018922110029961914
BMSSP,dense,200,11943,0.0020706159994006157
BMSSP,dense,200,11943,0.0018916389999503735
BMSSP,dense,200,11943,0.0019090630012215115
BMSSP,dense,200,11943,0.0019098570010100957
BMSSP,dense,200,11943,0.0019108300002699252
BMSSP,dense,200,11943,0.0019208099984098226
BMSSP,dense,200,11943,0.0018919530011771712
BMSSP,dense,200,11943,0.001907980997202685
BMSSP,dense,200,11943,0.0020255039999028668
BMSSP,dense,200,11943,0.0019082809994870331
BMSSP,dense,200,11943,0.0020456109996302985
BMSSP,dense,200,11943,0.0019123509991914034
BMSSP,dense,200,11943,0.001913392999995267
BMSSP,dense,200,11943,0.0019076060016232077
BMSSP,dense,200,11943,0.001911904000735376
BMSSP,dense,200,11943,0.0019037349993595853
BMSSP,dense,200,11943,0.0020333679967734497
BMSSP,dense,200,11943,0.0019256539999332745
BMSSP,dense,200,11943,0.0019109260028926656
BMSSP,dense,200,11943,0.0019091700014541857
BMSSP,dense,200,11943,0.0019106229992758017
BMSSP,dense,200,11943,0.0019103589984297287
BMSSP,dense,200,11943,0.002051997002126882
BMSSP,dense,200,11943,0.001961470999958692
BMSSP,dense,200,11943,0.0020350779996078927
BMSSP,dense,200,11943,0.0019169639999745414
BMSSP,dense,200,11943,0.001909082002384821
BMSSP,dense,200,11943,0.001918615998874884
BMSSP,dense,200,11943,0.0019125709986838046
BMSSP,dense,200,11943,0.0019033179996768013
BMSSP,dense,200,11943,0.0019141650009260047
BMSSP,dense,200,11943,0.001905078999698162
BMSSP,dense,200,11943,0.002030839998042211
BMSSP,dense,200,11943,0.0019090069981757551
BMSSP,dense,200,11943,0.0019112349982606247
BMSSP,dense,200,11943,0.002021566997427726
BMSSP,dense,200,11943,0.0019670709989441093
Trad_Dijkstra,sparse,500,1494,0.015579557002638467
Trad_Dijkstra,sparse,500,1494,0.01578189799693064
Trad_Dijkstra,sparse,500,1494,0.015633590002835263
Trad_Dijkstra,sparse,500,1494,0.0156969419986126
Trad_Dijkstra,sparse,500,1494,0.015497369000513572
Trad_Dijkstra,sparse,500,1494,0.01563195699782227
Trad_Dijkstra,sparse,500,1494,0.015709603001596406
Trad_Dijkstra,sparse,500,1494,0.01562572500188253
Trad_Dijkstra,sparse,500,1494,0.015546171001915354
Trad_Dijkstra,sparse,500,1494,0.015527054001722718
Trad_Dijkstra,sparse,500,1494,0.015578342998196604
Trad_Dijkstra,sparse,500,1494,0.015545878999546403
Trad_Dijkstra,sparse,500,1494,0.015570728999591665
Trad_Dijkstra,sparse,500,1494,0.015474166997591965
Trad_Dijkstra,sparse,500,1494,0.016195332998904632
Trad_Dijkstra,sparse,500,1494,0.0194031270002597
Trad_Dijkstra,sparse,500,1494,0.015628473996912362
Trad_Dijkstra,sparse,500,1494,0.015639602999726776
Trad_Dijkstra,sparse,500,1494,0.015506660001847195
Trad_Dijkstra,sparse,500,1494,0.015582341999106575
Trad_Dijkstra,sparse,500,1494,0.015471791000891244
Trad_Dijkstra,sparse,500,1494,0.015632717000698904
Trad_Dijkstra,sparse,500,1494,0.01554478500111145
Trad_Dijkstra,sparse,500,1494,0.015651580000849208
Trad_Dijkstra,sparse,500,1494,0.01599568600067869
Trad_Dijkstra,sparse,500,1494,0.01584152199939126
Trad_Dijkstra,sparse,500,1494,0.016469959999085404
Trad_Dijkstra,sparse,500,1494,0.015698045001045102
Trad_Dijkstra,sparse,500,1494,0.015634000003046822
Trad_Dijkstra,sparse,500,1494,0.016192251998290885
Trad_Dijkstra,sparse,500,1494,0.019476582001516363
Trad_Dijkstra,sparse,500,1494,0.01554341099836165
Trad_Dijkstra,sparse,500,1494,0.0156918639986543
Trad_Dijkstra,sparse,500,1494,0.01551203000053647
Trad_Dijkstra,sparse,500,1494,0.01561768100145855
Trad_Dijkstra,sparse,500,1494,0.015530856999248499
Trad_Dijkstra,sparse,500,1494,0.0156577500019921
Trad_Dijkstra,sparse,500,1494,0.015492050999455387
Trad_Dijkstra,sparse,500,1494,0.015612351999152452
Trad_Dijkstra,sparse,500,1494,0.01564623699960066
Trad_Dijkstra,sparse,500,1494,0.01560651600084384
Trad_Dijkstra,sparse,500,1494,0.01553815299848793
Trad_Dijkstra,sparse,500,1494,0.015504651997616747
Trad_Dijkstra,sparse,500,1494,0.015521679997618776
Trad_Dijkstra,sparse,500,1494,0.015741707000415772
Trad_Dijkstra,sparse,500,1494,0.015945920000376645
Trad_Dijkstra,sparse,500,1494,0.015546418999292655
Trad_Dijkstra,sparse,500,1494,0.01564154199877521
Trad_Dijkstra,sparse,500,1494,0.015506679999816697
Trad_Dijkstra,sparse,500,1494,0.015824833997612586
Fibbo_Dijkstra,sparse,500,1494,0.0049033260002033785
Fibbo_Dijkstra,sparse,500,1494,0.005070503000752069
Fibbo_Dijkstra,sparse,500,1494,0.004892642002232606
Fibbo_Dijkstra,sparse,500,1494,0.0049110699983430095
Fibbo_Dijkstra,sparse,500,1494,0.00487098200028413
Fibbo_Dijkstra,sparse,500,1494,0.005029012998420512
Fibbo_Dijkstra,sparse,500,1494,0.004880896998656681
Fibbo_Dijkstra,sparse,500,1494,0.005005071998311905
Fibbo_Dijkstra,sparse,500,1494,0.0048825020021467935
Fibbo_Dijkstra,sparse,500,1494,0.004940291997627355
Fibbo_Dijkstra,sparse,500,1494,0.004866618000960443
Fibbo_Dijkstra,sparse,500,1494,0.005008538999391021
Fibbo_Dijkstra,sparse,500,1494,0.004999790999136167
Fibbo_Dijkstra,sparse,500,1494,0.004969884001184255
Fibbo_Dijkstra,sparse,500,1494,0.0048821230011526495
Fibbo_Dijkstra,sparse,500,1494,0.004972602000634652
Fibbo_Dijkstra,sparse,500,1494,0.0048917739986791275
Fibbo_Dijkstra,sparse,500,1494,0.004955169999448117
Fibbo_Dijkstra,sparse,500,1494,0.004863876998570049
Fibbo_Dijkstra,sparse,500,1494,0.004986215000826633
Fibbo_Dijkstra,sparse,500,1494,0.004866832998231985
Fibbo_Dijkstra,sparse,500,1494,0.004951891001837794
Fibbo_Dijkstra,sparse,500,1494,0.004919642997265328
Fibbo_Dijkstra,sparse,500,1494,0.004931504001433495
Fibbo_Dijkstra,sparse,500,1494,0.0049137330024677794
Fibbo_Dijkstra,sparse,500,1494,0.004912293999950634
Fibbo_Dijkstra,sparse,500,1494,0.004915026998787653
Fibbo_Dijkstra,sparse,500,1494,0.004873616999248043
Fibbo_Dijkstra,sparse,500,1494,0.004911730000458192
Fibbo_Dijkstra,sparse,500,1494,0.004832397000427591
Fibbo_Dijkstra,sparse,500,1494,0.0049977670023508836
Fibbo_Dijkstra,sparse,500,1494,0.004827011998713715
Fibbo_Dijkstra,sparse,500,1494,0.00498084100036067
Fibbo_Dijkstra,sparse,500,1494,0.0049376469978597015
Fibbo_Dijkstra,sparse,500,1494,0.004988873999536736
Fibbo_Dijkstra,sparse,500,1494,0.0049357389980286825
Fibbo_Dijkstra,sparse,500,1494,0.005099824000353692
Fibbo_Dijkstra,sparse,500,1494,0.009182327998132678
Fibbo_Dijkstra,sparse,500,1494,0.00584857300054864
Fibbo_Dijkstra,sparse,500,1494,0.0051894909993279725
Fibbo_Dijkstra,sparse,500,1494,0.0048934919977909885
Fibbo_Dijkstra,sparse,500,1494,0.004990540001017507
Fibbo_Dijkstra,sparse,500,1494,0.005308252002578229
Fibbo_Dijkstra,sparse,500,1494,0.004968594999809284
Fibbo_Dijkstra,sparse,500,1494,0.00485676900279941
Fibbo_Dijkstra,sparse,500,1494,0.004910676001600223
Fibbo_Dijkstra,sparse,500,1494,0.004947972996887984
Fibbo_Dijkstra,sparse,500,1494,0.005206155001360457
Fibbo_Dijkstra,sparse,500,1494,0.004852648999076337
Fibbo_Dijkstra,sparse,500,1494,0.004960221998771885
BMSSP,sparse,500,1494,0.0010550469996815082
BMSSP,sparse,500,1494,0.001021005999064073
BMSSP,sparse,500,1494,0.0010210470027232077
BMSSP,sparse,500,1494,0.0010267440011375584
BMSSP,sparse,500,1494,0.0010304080024070572
BMSSP,sparse,500,1494,0.0010397869991720654
BMSSP,sparse,500,1494,0.0010339930013287812
BMSSP,sparse,500,1494,0.0010363689980295021
BMSSP,sparse,500,1494,0.001018827002553735
BMSSP,sparse,500,1494,0.0011472160003904719
BMSSP,sparse,500,1494,0.0010220639996987302
BMSSP,sparse,500,1494,0.0010193010020884685
BMSSP,sparse,500,1494,0.001028968999889912
BMSSP,sparse,500,1494,0.0010185510000155773
BMSSP,sparse,500,1494,0.0010199190001003444
BMSSP,sparse,500,1494,0.0010649729993019719
BMSSP,sparse,500,1494,0.0010299189998477232
BMSSP,sparse,500,1494,0.0010221550001006108
BMSSP,sparse,500,1494,0.0010554879991104826
BMSSP,sparse,500,1494,0.0010166739994019736
BMSSP,sparse,500,1494,0.001035072000377113
BMSSP,sparse,500,1494,0.001140037002187455
BMSSP,sparse,500,1494,0.0010447810018376913
BMSSP,sparse,500,1494,0.0010144740008399822
BMSSP,sparse,500,1494,0.0010333660029573366
BMSSP,sparse,500,1494,0.0010182740006712265
BMSSP,sparse,500,1494,0.0010224610014120117
BMSSP,sparse,500,1494,0.001138785999501124
BMSSP,sparse,500,1494,0.001020429001073353
BMSSP,sparse,500,1494,0.0010209870015387423
BMSSP,sparse,500,1494,0.0010316469997633249
BMSSP,sparse,500,1494,0.0010435590011184104
BMSSP,sparse,500,1494,0.0010216660011792555
BMSSP,sparse,500,1494,0.0010523130004003178
BMSSP,sparse,500,1494,0.001024245000735391
BMSSP,sparse,500,1494,0.0010404530003143009
BMSSP,sparse,500,1494,0.0010331400007999036
BMSSP,sparse,500,1494,0.0010213669993390795
BMSSP,sparse,500,1494,0.0010217919989372604
BMSSP,sparse,500,1494,0.001031104999128729
BMSSP,sparse,500,1494,0.0010245160010526888
BMSSP,sparse,500,1494,0.0010178109987464268
BMSSP,sparse,500,1494,0.0010332359997846652
BMSSP,sparse,500,1494,0.001625900997169083
BMSSP,sparse,500,1494,0.001029735001793597
BMSSP,sparse,500,1494,0.0010355890008213464
BMSSP,sparse,500,1494,0.001022984000883298
BMSSP,sparse,500,1494,0.0010224670004390646
BMSSP,sparse,500,1494,0.0010273119987687096
BMSSP,sparse,500,1494,0.0010167229993385263
Trad_Dijkstra,dense,500,75206,0.023056434001773596
Trad_Dijkstra,dense,500,75206,0.022916908001207048
Trad_Dijkstra,dense,500,75206,0.022876131999510108
Trad_Dijkstra,dense,500,75206,0.022929946000658674
Trad_Dijkstra,dense,500,75206,0.02295016900097835
Trad_Dijkstra,dense,500,75206,0.022939242000575177
Trad_Dijkstra,dense,500,75206,0.0232222049999109
Trad_Dijkstra,dense,500,75206,0.023010395001620054
Trad_Dijkstra,dense,500,75206,0.022983304999797838
Trad_Dijkstra,dense,500,75206,0.02479957200193894
Trad_Dijkstra,dense,500,75206,0.0231091200002993
Trad_Dijkstra,dense,500,75206,0.0229737629997544
Trad_Dijkstra,dense,500,75206,0.022978729000897147
Trad_Dijkstra,dense,500,75206,0.022733745998266386
Trad_Dijkstra,dense,500,75206,0.02414791800038074
Trad_Dijkstra,dense,500,75206,0.045314807997783646
Trad_Dijkstra,dense,500,75206,0.049474818999442505
Trad_Dijkstra,dense,500,75206,0.05577885299862828
Trad_Dijkstra,dense,500,75206,0.07435220899787964
Trad_Dijkstra,dense,500,75206,0.04300315900036367
Trad_Dijkstra,dense,500,75206,0.048481412002729485
Trad_Dijkstra,dense,500,75206,0.05428924599982565
Trad_Dijkstra,dense,500,75206,0.03979239399996004
Trad_Dijkstra,dense,500,75206,0.054799646997707896
Trad_Dijkstra,dense,500,75206,0.0515394659996673
Trad_Dijkstra,dense,500,75206,0.05577689300116617
Trad_Dijkstra,dense,500,75206,0.03765887199915596
Trad_Dijkstra,dense,500,75206,0.05041044399695238
Trad_Dijkstra,dense,500,75206,0.04455842999959714
Trad_Dijkstra,dense,500,75206,0.0493411709976499
Trad_Dijkstra,dense,500,75206,0.05282646399791702
Trad_Dijkstra,dense,500,75206,0.05480311300198082
Trad_Dijkstra,dense,500,75206,0.04205002099843114
Trad_Dijkstra,dense,500,75206,0.05308801300270716
Trad_Dijkstra,dense,500,75206,0.05127677700147615
Trad_Dijkstra,dense,500,75206,0.04932765899866354
Trad_Dijkstra,dense,500,75206,0.05141966700102785
Trad_Dijkstra,dense,500,75206,0.0452647820020502
Trad_Dijkstra,dense,500,75206,0.050488107997807674
Trad_Dijkstra,dense,500,75206,0.046734267998544965
Trad_Dijkstra,dense,500,75206,0.02940041800320614
Trad_Dijkstra,dense,500,75206,0.04272024799865903
Trad_Dijkstra,dense,500,75206,0.025429151002754224
Trad_Dijkstra,dense,500,75206,0.023436997998942388
Trad_Dijkstra,dense,500,75206,0.023496137000620365
Trad_Dijkstra,dense,500,75206,0.02278025899795466
Trad_Dijkstra,dense,500,75206,0.02292187499915599
Trad_Dijkstra,dense,500,75206,0.02296406900131842
Trad_Dijkstra,dense,500,75206,0.0229987649981922
Trad_Dijkstra,dense,500,75206,0.023025774000416277
Fibbo_Dijkstra,dense,500,75206,0.011848938000184717
Fibbo_Dijkstra,dense,500,75206,0.013413704997219611
Fibbo_Dijkstra,dense,500,75206,0.01188447099775658
Fibbo_Dijkstra,dense,500,75206,0.013594419000583002
Fibbo_Dijkstra,dense,500,75206,0.011794976999226492
Fibbo_Dijkstra,dense,500,75206,0.011309912999422522
Fibbo_Dijkstra,dense,500,75206,0.011872798000695184
Fibbo_Dijkstra,dense,500,75206,0.01132822399813449
Fibbo_Dijkstra,dense,500,75206,0.011710404000041308
Fibbo_Dijkstra,dense,500,75206,0.011412315001507523
Fibbo_Dijkstra,dense,500,75206,0.011893761999090202
Fibbo_Dijkstra,dense,500,75206,0.011319981000269763
Fibbo_Dijkstra,dense,500,75206,0.011655989997962024
Fibbo_Dijkstra,dense,500,75206,0.011607979999098461
Fibbo_Dijkstra,dense,500,75206,0.013930970002547838
Fibbo_Dijkstra,dense,500,75206,0.011721814000338782
Fibbo_Dijkstra,dense,500,75206,0.011901547000888968
Fibbo_Dijkstra,dense,500,75206,0.011563135998585494
Fibbo_Dijkstra,dense,500,75206,0.01478715600023861
Fibbo_Dijkstra,dense,500,75206,0.011776284998632036
Fibbo_Dijkstra,dense,500,75206,0.011704499000188662
Fibbo_Dijkstra,dense,500,75206,0.011947613002121216
Fibbo_Dijkstra,dense,500,75206,0.012376196998957312
Fibbo_Dijkstra,dense,500,75206,0.011610273002588656
Fibbo_Dijkstra,dense,500,75206,0.011675470999762183
Fibbo_Dijkstra,dense,500,75206,0.011397774000215577
Fibbo_Dijkstra,dense,500,75206,0.012106005000532605
Fibbo_Dijkstra,dense,500,75206,0.011497323001094628
Fibbo_Dijkstra,dense,500,75206,0.011679213999741478
Fibbo_Dijkstra,dense,500,75206,0.011374120997061254
Fibbo_Dijkstra,dense,500,75206,0.011957448998145992
Fibbo_Dijkstra,dense,500,75206,0.014407816001039464
Fibbo_Dijkstra,dense,500,75206,0.011680264000460738
Fibbo_Dijkstra,dense,500,75206,0.011331669997161953
Fibbo_Dijkstra,dense,500,75206,0.017313857999397442
Fibbo_Dijkstra,dense,500,75206,0.011264300002949312
Fibbo_Dijkstra,dense,500,75206,0.011588105000555515
Fibbo_Dijkstra,dense,500,75206,0.011209964999579825
Fibbo_Dijkstra,dense,500,75206,0.0119640899974911
Fibbo_Dijkstra,dense,500,75206,0.011369066996849142
Fibbo_Dijkstra,dense,500,75206,0.011622727997746551
Fibbo_Dijkstra,dense,500,75206,0.011268944002949866
Fibbo_Dijkstra,dense,500,75206,0.013420650000625756
Fibbo_Dijkstra,dense,500,75206,0.01150475699978415
Fibbo_Dijkstra,dense,500,75206,0.011572040999453748
Fibbo_Dijkstra,dense,500,75206,0.011212897999939742
Fibbo_Dijkstra,dense,500,75206,0.011879052999574924
Fibbo_Dijkstra,dense,500,75206,0.011448956000094768
Fibbo_Dijkstra,dense,500,75206,0.011565856999368407
Fibbo_Dijkstra,dense,500,75206,0.011313544000586262
BMSSP,dense,500,75206,0.011554124997928739
BMSSP,dense,500,75206,0.011793808000220452
BMSSP,dense,500,75206,0.011675672998535447
BMSSP,dense,500,75206,0.011463144997833297
BMSSP,dense,500,75206,0.011486634000902995
BMSSP,dense,500,75206,0.011592525999731151
BMSSP,dense,500,75206,0.01793812799951411
BMSSP,dense,500,75206,0.01161295099882409
BMSSP,dense,500,75206,0.017354253999656066
BMSSP,dense,500,75206,0.013073172001895728
BMSSP,dense,500,75206,0.012882590999652166
BMSSP,dense,500,75206,0.012510779000876937
BMSSP,dense,500,75206,0.01330397499987157
BMSSP,dense,500,75206,0.012903025999548845
BMSSP,dense,500,75206,0.014937228999770014
BMSSP,dense,500,75206,0.017734367000230122
BMSSP,dense,500,75206,0.016579212999204174
BMSSP,dense,500,75206,0.013237146002211375
BMSSP,dense,500,75206,0.013880377999157645
BMSSP,dense,500,75206,0.03286755599765456
BMSSP,dense,500,75206,0.016461661998619093
BMSSP,dense,500,75206,0.014269398001488298
BMSSP,dense,500,75206,0.026961829997162567
BMSSP,dense,500,75206,0.015613585997925838
BMSSP,dense,500,75206,0.017619090001971927
BMSSP,dense,500,75206,0.013804172998789
BMSSP,dense,500,75206,0.016400571999838576
BMSSP,dense,500,75206,0.012019959998724516
BMSSP,dense,500,75206,0.014309794998553116
BMSSP,dense,500,75206,0.014587547000701306
BMSSP,dense,500,75206,0.014385066999238916
BMSSP,dense,500,75206,0.01407940100034466
BMSSP,dense,500,75206,0.0206940720017883
BMSSP,dense,500,75206,0.013054312999884132
BMSSP,dense,500,75206,0.015784477000124753
BMSSP,dense,500,75206,0.014564773999154568
BMSSP,dense,500,75206,0.011567751000256976
BMSSP,dense,500,75206,0.011935116999666207
BMSSP,dense,500,75206,0.012309515001106774
BMSSP,dense,500,75206,0.01154094699813868
BMSSP,dense,500,75206,0.012177021999377757
BMSSP,dense,500,75206,0.02484898799957591
BMSSP,dense,500,75206,0.024156044000847032
BMSSP,dense,500,75206,0.017003425000439165
BMSSP,dense,500,75206,0.02496305000022403
BMSSP,dense,500,75206,0.026161660000070697
BMSSP,dense,500,75206,0.01727422700059833
BMSSP,dense,500,75206,0.021950936999928672
BMSSP,dense,500,75206,0.018773040999803925
BMSSP,dense,500,75206,0.023262692000571406
Trad_Dijkstra,sparse,1000,2993,0.10036143199977232
Trad_Dijkstra,sparse,1000,2993,0.08127984599923366
Trad_Dijkstra,sparse,1000,2993,0.0647805389999121
Trad_Dijkstra,sparse,1000,2993,0.06992643400008092
Trad_Dijkstra,sparse,1000,2993,0.06179315600093105
Trad_Dijkstra,sparse,1000,2993,0.060529778002091916
Trad_Dijkstra,sparse,1000,2993,0.06251628399695619
Trad_Dijkstra,sparse,1000,2993,0.061902407000161475
Trad_Dijkstra,sparse,1000,2993,0.06456639599855407
Trad_Dijkstra,sparse,1000,2993,0.10002446799990139
Trad_Dijkstra,sparse,1000,2993,0.07168369699866162
Trad_Dijkstra,sparse,1000,2993,0.09052281299955212
Trad_Dijkstra,sparse,1000,2993,0.12284505800198531
Trad_Dijkstra,sparse,1000,2993,0.11955683700216468
Trad_Dijkstra,sparse,1000,2993,0.13502979499753565
Trad_Dijkstra,sparse,1000,2993,0.12726376600039657
Trad_Dijkstra,sparse,1000,2993,0.11785112299912726
Trad_Dijkstra,sparse,1000,2993,0.06337562200133107
Trad_Dijkstra,sparse,1000,2993,0.06029420899722027
Trad_Dijkstra,sparse,1000,2993,0.061908813997433754
Trad_Dijkstra,sparse,1000,2993,0.05993380200015963
Trad_Dijkstra,sparse,1000,2993,0.06354194999948959
Trad_Dijkstra,sparse,1000,2993,0.06124805400031619
Trad_Dijkstra,sparse,1000,2993,0.06001721299981
Trad_Dijkstra,sparse,1000,2993,0.05994984800054226
Trad_Dijkstra,sparse,1000,2993,0.06399972299914225
Trad_Dijkstra,sparse,1000,2993,0.06032955599948764
Trad_Dijkstra,sparse,1000,2993,0.06099988500136533
Trad_Dijkstra,sparse,1000,2993,0.06127897899932577
Trad_Dijkstra,sparse,1000,2993,0.09362447499734117
Trad_Dijkstra,sparse,1000,2993,0.06724770700020599
Trad_Dijkstra,sparse,1000,2993,0.06649873499918613
Trad_Dijkstra,sparse,1000,2993,0.09500468099940917
Trad_Dijkstra,sparse,1000,2993,0.06258807600170258
Trad_Dijkstra,sparse,1000,2993,0.10432379600024433
Trad_Dijkstra,sparse,1000,2993,0.07932603099834523
Trad_Dijkstra,sparse,1000,2993,0.10725029400055064
Trad_Dijkstra,sparse,1000,2993,0.1080502910008363
Trad_Dijkstra,sparse,1000,2993,0.13313261199800763
Trad_Dijkstra,sparse,1000,2993,0.1138765589967079
Trad_Dijkstra,sparse,1000,2993,0.0627694459981285
Trad_Dijkstra,sparse,1000,2993,0.06057417199917836
Trad_Dijkstra,sparse,1000,2993,0.0609594770030526
Trad_Dijkstra,sparse,1000,2993,0.05990358900089632
Trad_Dijkstra,sparse,1000,2993,0.06407154099724721
Trad_Dijkstra,sparse,1000,2993,0.06101502499950584
Trad_Dijkstra,sparse,1000,2993,0.06821975800266955
Trad_Dijkstra,sparse,1000,2993,0.10693421700125327
Trad_Dijkstra,sparse,1000,2993,0.07508799199786154
Trad_Dijkstra,sparse,1000,2993,0.062433347000478534
Fibbo_Dijkstra,sparse,1000,2993,0.011523069999384461
Fibbo_Dijkstra,sparse,1000,2993,0.010847007997654146
Fibbo_Dijkstra,sparse,1000,2993,0.010888066000916297
Fibbo_Dijkstra,sparse,1000,2993,0.011153773000842193
Fibbo_Dijkstra,sparse,1000,2993,0.010846221997780958
Fibbo_Dijkstra,sparse,1000,2993,0.013580733000708278
Fibbo_Dijkstra,sparse,1000,2993,0.011174022998602595
Fibbo_Dijkstra,sparse,1000,2993,0.011269741000432987
Fibbo_Dijkstra,sparse,1000,2993,0.010754478000308154
Fibbo_Dijkstra,sparse,1000,2993,0.010872963997826446
Fibbo_Dijkstra,sparse,1000,2993,0.011600812002143357
Fibbo_Dijkstra,sparse,1000,2993,0.011138716999994358
Fibbo_Dijkstra,sparse,1000,2993,0.010768385000119451
Fibbo_Dijkstra,sparse,1000,2993,0.011064890000852756
Fibbo_Dijkstra,sparse,1000,2993,0.010847700003068894
Fibbo_Dijkstra,sparse,1000,2993,0.011173716997291194
Fibbo_Dijkstra,sparse,1000,2993,0.01085543599765515
Fibbo_Dijkstra,sparse,1000,2993,0.01138147199890227
Fibbo_Dijkstra,sparse,1000,2993,0.010813476998009719
Fibbo_Dijkstra,sparse,1000,2993,0.010954651999782072
Fibbo_Dijkstra,sparse,1000,2993,0.01338974799728021
Fibbo_Dijkstra,sparse,1000,2993,0.013304985001013847
Fibbo_Dijkstra,sparse,1000,2993,0.014342930000566412
Fibbo_Dijkstra,sparse,1000,2993,0.012136749999626772
Fibbo_Dijkstra,sparse,1000,2993,0.010844278000149643
Fibbo_Dijkstra,sparse,1000,2993,0.011485061997518642
Fibbo_Dijkstra,sparse,1000,2993,0.010917517000052612
Fibbo_Dijkstra,sparse,1000,2993,0.01127945700136479
Fibbo_Dijkstra,sparse,1000,2993,0.011286629996902775
Fibbo_Dijkstra,sparse,1000,2993,0.012037177999445703
Fibbo_Dijkstra,sparse,1000,2993,0.01970815000095172
Fibbo_Dijkstra,sparse,1000,2993,0.011151909002364846
Fibbo_Dijkstra,sparse,1000,2993,0.0113565319988993
Fibbo_Dijkstra,sparse,1000,2993,0.011414430002332665
Fibbo_Dijkstra,sparse,1000,2993,0.010881149999477202
Fibbo_Dijkstra,sparse,1000,2993,0.011106679998192703
Fibbo_Dijkstra,sparse,1000,2993,0.011165095998876495
Fibbo_Dijkstra,sparse,1000,2993,0.01088452700059861
Fibbo_Dijkstra,sparse,1000,2993,0.010972881002089707
Fibbo_Dijkstra,sparse,1000,2993,0.011186562998773297
Fibbo_Dijkstra,sparse,1000,2993,0.011275469998508925
Fibbo_Dijkstra,sparse,1000,2993,0.01238974700027029
Fibbo_Dijkstra,sparse,1000,2993,0.014590183000109391
Fibbo_Dijkstra,sparse,1000,2993,0.012444824998965487
Fibbo_Dijkstra,sparse,1000,2993,0.011825985999166733
Fibbo_Dijkstra,sparse,1000,2993,0.01140324799780501
Fibbo_Dijkstra,sparse,1000,2993,0.022618172002694337
Fibbo_Dijkstra,sparse,1000,2993,0.014739648999238852
Fibbo_Dijkstra,sparse,1000,2993,0.014808765998168383
Fibbo_Dijkstra,sparse,1000,2993,0.01815580399852479
BMSSP,sparse,1000,2993,0.002000332999159582
BMSSP,sparse,1000,2993,0.0023775280023983214
BMSSP,sparse,1000,2993,0.004437404000782408
BMSSP,sparse,1000,2993,0.0037932459999865387
BMSSP,sparse,1000,2993,0.0034139750023314264
BMSSP,sparse,1000,2993,0.002359242000238737
BMSSP,sparse,1000,2993,0.0020267430008971132
BMSSP,sparse,1000,2993,0.003299640000477666
BMSSP,sparse,1000,2993,0.0022593260000576265
BMSSP,sparse,1000,2993,0.002022987999225734
BMSSP,sparse,1000,2993,0.001987106999877142
BMSSP,sparse,1000,2993,0.004255053001543274
BMSSP,sparse,1000,2993,0.0020569789994624443
BMSSP,sparse,1000,2993,0.0020722539993585087
BMSSP,sparse,1000,2993,0.0022421350004151464
BMSSP,sparse,1000,2993,0.0025356940022902563
BMSSP,sparse,1000,2993,0.0025712610004120506
BMSSP,sparse,1000,2993,0.002185068002290791
BMSSP,sparse,1000,2993,0.002069084999675397
BMSSP,sparse,1000,2993,0.002271850000397535
BMSSP,sparse,1000,2993,0.002017146001890069
BMSSP,sparse,1000,2993,0.002022443997702794
BMSSP,sparse,1000,2993,0.0021905489993514493
BMSSP,sparse,1000,2993,0.0021071080009278376
BMSSP,sparse,1000,2993,0.00360334899960435
BMSSP,sparse,1000,2993,0.002010969001275953
BMSSP,sparse,1000,2993,0.002030914001807105
BMSSP,sparse,1000,2993,0.0024706720032554585
BMSSP,sparse,1000,2993,0.002065303997369483
BMSSP,sparse,1000,2993,0.002309103001607582
BMSSP,sparse,1000,2993,0.0027049510026699863
BMSSP,sparse,1000,2993,0.002535899999202229
BMSSP,sparse,1000,2993,0.005195066998567199
BMSSP,sparse,1000,2993,0.0024626590020488948
BMSSP,sparse,1000,2993,0.002017753999098204
BMSSP,sparse,1000,2993,0.0023116709999158047
BMSSP,sparse,1000,2993,0.0035212960028729867
BMSSP,sparse,1000,2993,0.002351660001295386
BMSSP,sparse,1000,2993,0.002305938000063179
BMSSP,sparse,1000,2993,0.004092440001841169
BMSSP,sparse,1000,2993,0.002551615001721075
BMSSP,sparse,1000,2993,0.002370620997680817
BMSSP,sparse,1000,2993,0.002171496998926159
BMSSP,sparse,1000,2993,0.004585562001011567
BMSSP,sparse,1000,2993,0.0025539929993101396
BMSSP,sparse,1000,2993,0.002035872999840649
BMSSP,sparse,1000,2993,0.002015837002545595
BMSSP,sparse,1000,2993,0.00225018600031035
BMSSP,sparse,1000,2993,0.0034590549985296093
BMSSP,sparse,1000,2993,0.0030919689997972455
Trad_Dijkstra,dense,1000,299766,0.12509997800225392
Trad_Dijkstra,dense,1000,299766,0.12361825699917972
Trad_Dijkstra,dense,1000,299766,0.10745399200095562
Trad_Dijkstra,dense,1000,299766,0.11225743600152782
Trad_Dijkstra,dense,1000,299766,0.1130680599999323
Trad_Dijkstra,dense,1000,299766,0.10194637200038414
Trad_Dijkstra,dense,1000,299766,0.10087383700010832
Trad_Dijkstra,dense,1000,299766,0.11380567400192376
Trad_Dijkstra,dense,1000,299766,0.1029763959995762
Trad_Dijkstra,dense,1000,299766,0.10564053099733428
Trad_Dijkstra,dense,1000,299766,0.0965181739993568
Trad_Dijkstra,dense,1000,299766,0.09692914200059022
Trad_Dijkstra,dense,1000,299766,0.09693048299959628
Trad_Dijkstra,dense,1000,299766,0.09593792400119128
Trad_Dijkstra,dense,1000,299766,0.0949154189984256
Trad_Dijkstra,dense,1000,299766,0.09425080199798685
Trad_Dijkstra,dense,1000,299766,0.09470556100131944
Trad_Dijkstra,dense,1000,299766,0.09328256099979626
Trad_Dijkstra,dense,1000,299766,0.09363986600146745
Trad_Dijkstra,dense,1000,299766,0.09401634099776857
Trad_Dijkstra,dense,1000,299766,0.09461922899936326
Trad_Dijkstra,dense,1000,299766,0.09483034599907114
Trad_Dijkstra,dense,1000,299766,0.09999149000213947
Trad_Dijkstra,dense,1000,299766,0.09558434399878024
Trad_Dijkstra,dense,1000,299766,0.09463581700038048
Trad_Dijkstra,dense,1000,299766,0.09378061900133616
Trad_Dijkstra,dense,1000,299766,0.09325713600264862
Trad_Dijkstra,dense,1000,299766,0.09402475000024424
Trad_Dijkstra,dense,1000,299766,0.1372492449991114
Trad_Dijkstra,dense,1000,299766,0.11807786099961959
Trad_Dijkstra,dense,1000,299766,0.11432566800067434
Trad_Dijkstra,dense,1000,299766,0.09475024600033066
Trad_Dijkstra,dense,1000,299766,0.09906882799987216
Trad_Dijkstra,dense,1000,299766,0.09908753399940906
Trad_Dijkstra,dense,1000,299766,0.09448927000266849
Trad_Dijkstra,dense,1000,299766,0.09737307099931058
Trad_Dijkstra,dense,1000,299766,0.09372775300289504
Trad_Dijkstra,dense,1000,299766,0.09371399900192046
Trad_Dijkstra,dense,1000,299766,0.09432077100063907
Trad_Dijkstra,dense,1000,299766,0.09791744299946004
Trad_Dijkstra,dense,1000,299766,0.09585888500077999
Trad_Dijkstra,dense,1000,299766,0.09336829600215424
Trad_Dijkstra,dense,1000,299766,0.09677600999930291
Trad_Dijkstra,dense,1000,299766,0.09350401300252997
Trad_Dijkstra,dense,1000,299766,0.0935971149992838
Trad_Dijkstra,dense,1000,299766,0.09635347799849114
Trad_Dijkstra,dense,1000,299766,0.09320255599959637
Trad_Dijkstra,dense,1000,299766,0.09571241600133362
Trad_Dijkstra,dense,1000,299766,0.09448532500027795
Trad_Dijkstra,dense,1000,299766,0.09832693100179313
Fibbo_Dijkstra,dense,1000,299766,0.04030812799828709
Fibbo_Dijkstra,dense,1000,299766,0.039200817998789717
Fibbo_Dijkstra,dense,1000,299766,0.04140382200057502
Fibbo_Dijkstra,dense,1000,299766,0.040450118998705875
Fibbo_Dijkstra,dense,1000,299766,0.03938370700052474
Fibbo_Dijkstra,dense,1000,299766,0.038986147999821696
Fibbo_Dijkstra,dense,1000,299766,0.041670000999147305
Fibbo_Dijkstra,dense,1000,299766,0.04268821699952241
Fibbo_Dijkstra,dense,1000,299766,0.041950233000534354
Fibbo_Dijkstra,dense,1000,299766,0.03920384799857857
Fibbo_Dijkstra,dense,1000,299766,0.041608632000134094
Fibbo_Dijkstra,dense,1000,299766,0.03918972799874609
Fibbo_Dijkstra,dense,1000,299766,0.04059581299952697
Fibbo_Dijkstra,dense,1000,299766,0.041638128997874446
Fibbo_Dijkstra,dense,1000,299766,0.040501638999558054
Fibbo_Dijkstra,dense,1000,299766,0.040320735999557655
Fibbo_Dijkstra,dense,1000,299766,0.039190387000417104
Fibbo_Dijkstra,dense,1000,299766,0.03906414700031746
Fibbo_Dijkstra,dense,1000,299766,0.03941915800169227
Fibbo_Dijkstra,dense,1000,299766,0.03969475000121747
Fibbo_Dijkstra,dense,1000,299766,0.03950959899884765
Fibbo_Dijkstra,dense,1000,299766,0.041650783001387026
Fibbo_Dijkstra,dense,1000,299766,0.040723723999690264
Fibbo_Dijkstra,dense,1000,299766,0.03959184699851903
Fibbo_Dijkstra,dense,1000,299766,0.03936300100031076
Fibbo_Dijkstra,dense,1000,299766,0.03967016800015699
Fibbo_Dijkstra,dense,1000,299766,0.03913576400009333
Fibbo_Dijkstra,dense,1000,299766,0.03927629199824878
Fibbo_Dijkstra,dense,1000,299766,0.04033368300224538
Fibbo_Dijkstra,dense,1000,299766,0.04139287799989688
Fibbo_Dijkstra,dense,1000,299766,0.03917118600293179
Fibbo_Dijkstra,dense,1000,299766,0.03921805800200673
Fibbo_Dijkstra,dense,1000,299766,0.039756062000378734
Fibbo_Dijkstra,dense,1000,299766,0.04123141200034297
Fibbo_Dijkstra,dense,1000,299766,0.04264305299875559
Fibbo_Dijkstra,dense,1000,299766,0.03922823199900449
Fibbo_Dijkstra,dense,1000,299766,0.03922059599790373
Fibbo_Dijkstra,dense,1000,299766,0.03904531000080169
Fibbo_Dijkstra,dense,1000,299766,0.04013489299904904
Fibbo_Dijkstra,dense,1000,299766,0.039395510997565
Fibbo_Dijkstra,dense,1000,299766,0.03913235800064285
Fibbo_Dijkstra,dense,1000,299766,0.039663261002715444
Fibbo_Dijkstra,dense,1000,299766,0.0401453060003405
Fibbo_Dijkstra,dense,1000,299766,0.039288092997594504
Fibbo_Dijkstra,dense,1000,299766,0.03914962499766261
Fibbo_Dijkstra,dense,1000,299766,0.03974043999915011
Fibbo_Dijkstra,dense,1000,299766,0.038971436999418074
Fibbo_Dijkstra,dense,1000,299766,0.03910457699748804
Fibbo_Dijkstra,dense,1000,299766,0.039748200000758516
Fibbo_Dijkstra,dense,1000,299766,0.04529834799905075
BMSSP,dense,1000,299766,0.046982018000562675
BMSSP,dense,1000,299766,0.046451188001810806
BMSSP,dense,1000,299766,0.04665720400225837
BMSSP,dense,1000,299766,0.0473893609996594
BMSSP,dense,1000,299766,0.04894660700301756
BMSSP,dense,1000,299766,0.04660527400119463
BMSSP,dense,1000,299766,0.049027299999579554
BMSSP,dense,1000,299766,0.046600003999628825
BMSSP,dense,1000,299766,0.04806428500160109
BMSSP,dense,1000,299766,0.046871348000422586
BMSSP,dense,1000,299766,0.04637801100034267
BMSSP,dense,1000,299766,0.04840146000060486
BMSSP,dense,1000,299766,0.04661723900062498
BMSSP,dense,1000,299766,0.047064132002560655
BMSSP,dense,1000,299766,0.0465930109967303
BMSSP,dense,1000,299766,0.046725355001399294
BMSSP,dense,1000,299766,0.04673824400015292
BMSSP,dense,1000,299766,0.04643300599855138
BMSSP,dense,1000,299766,0.04703437999705784
BMSSP,dense,1000,299766,0.04654429299989715
BMSSP,dense,1000,299766,0.054938299999776063
BMSSP,dense,1000,299766,0.047162669001409085
BMSSP,dense,1000,299766,0.04608723599812947
BMSSP,dense,1000,299766,0.04643523000049754
BMSSP,dense,1000,299766,0.04614700700039975
BMSSP,dense,1000,299766,0.1238389999998617
BMSSP,dense,1000,299766,0.04616840100061381
BMSSP,dense,1000,299766,0.05034363500089967
BMSSP,dense,1000,299766,0.050669322998146527
BMSSP,dense,1000,299766,0.0672500239998044
BMSSP,dense,1000,299766,0.047234596000635065
BMSSP,dense,1000,299766,0.046545910998247564
BMSSP,dense,1000,299766,0.04940773600173998
BMSSP,dense,1000,299766,0.0481575520025217
BMSSP,dense,1000,299766,0.04648081999766873
BMSSP,dense,1000,299766,0.04835227900184691
BMSSP,dense,1000,299766,0.05189242299820762
BMSSP,dense,1000,299766,0.04866314399987459
BMSSP,dense,1000,299766,0.046316207000927534
BMSSP,dense,1000,299766,0.04978599999958533
BMSSP,dense,1000,299766,0.052736620000359835
BMSSP,dense,1000,299766,0.04631038300067303
BMSSP,dense,1000,299766,0.1136947320010222
BMSSP,dense,1000,299766,0.07865221199972439
BMSSP,dense,1000,299766,0.08389591200102586
BMSSP,dense,1000,299766,0.04608431999804452
BMSSP,dense,1000,299766,0.04627298200284713
BMSSP,dense,1000,299766,0.05185050499858335
BMSSP,dense,1000,299766,0.04598352299944963
BMSSP,dense,1000,299766,0.05079006400046637
